First_Name,Last_Name,Int_Emp_ID,Email,City,State,Zip_Code,Dept_Name,Dept_Number,Company_ID,Sup_ID
Trudie,Robbins,230,trobbins0@weibo.com,Boston,Massachusetts,2208,Business Development,6650,3104705100,230
Kate,Kingstne,231,kkingstne1@foxnews.com,Charleston,West Virginia,25336,Creative Services,6651,3104705100,231
Dickie,Ezzell,232,dezzell2@sfgate.com,Charleston,South Carolina,29424,Customer Service,6652,3104705100,232
Adara,Kohrsen,233,akohrsen3@accuweather.com,Vero Beach,Florida,32964,Accounting,6653,3104705100,233
Darcey,Ollerenshaw,234,dollerenshaw4@ucoz.com,San Antonio,Texas,78255,Human Resources,6654,3104705100,234
Maighdiln,Thickpenny,235,mthickpenny5@tamu.edu,Kansas City,Missouri,64153,Legal,6655,3104705100,235
Nichole,Dishman,236,ndishman6@elegantthemes.com,Tucson,Arizona,85715,Operations,6656,3104705100,236
Lavena,Cutcliffe,237,lcutcliffe7@whitehouse.gov,Littleton,Colorado,80127,Production,6657,3104705100,237
Bea,Marrion,238,bmarrion8@purevolume.com,Tampa,Florida,33686,Risk Management,6658,3104705100,238
Colleen,Tasch,239,ctasch9@vimeo.com,Dallas,Texas,75277,Marketing,6659,3104705100,239
Meade,Bockler,240,mbocklera@studiopress.com,Tyler,Texas,75799,Sales,6660,3104705100,240
Beau,Braferton,241,bbrafertonb@un.org,Miami,Florida,33147,Technology,6661,3104705100,241
Corny,McNally,242,cmcnallyc@princeton.edu,Augusta,Georgia,30911,General Management,6662,3104705100,242
Halie,Morsley,243,hmorsleyd@apple.com,Milwaukee,Wisconsin,53277,Engineering,6663,3104705100,243
Glynnis,Soppett,244,gsoppette@guardian.co.uk,Indianapolis,Indiana,46226,Investor Relations,6664,3104705100,244
Alonzo,Levecque,245,alevecquef@domainmarket.com,New York City,New York,10203,Product Management,6665,3104705100,245
Belicia,Bracey,246,bbraceyg@dagondesign.com,New York City,New York,10292,Quality Assurance,6666,3104705100,246
Jannel,Starford,247,jstarfordh@miibeian.gov.cn,Houston,Texas,77090,Strategic Initiatives & Programs,6667,3104705100,247
Erich,Maultby,248,emaultbyi@friendfeed.com,Minneapolis,Minnesota,55448,Board of Directors,6668,3104705100,248
Erica,Landsbury,249,elandsburyj@ocn.ne.jp,Greensboro,North Carolina,27425,Research and Development,6669,3104705100,249
Joanie,Padwick,250,jpadwickk@trellian.com,Shawnee Mission,Kansas,66215,Training,6670,3104705100,250
Tori,McGiffie,251,tmcgiffiel@nps.gov,Jacksonville,Florida,32209,Support,6671,3104705100,251
Rosy,Trelevan,252,rtrelevanm@weebly.com,Lubbock,Texas,79491,Asset Management,6672,3104705100,252
Simonette,Mintoft,253,smintoftn@time.com,Spokane,Washington,99210,Project Management,6673,3104705100,253
Jo-anne,Radenhurst,254,jradenhursto@sun.com,Aurora,Illinois,60505,IT,6674,3104705100,254
Sheilakathryn,Witchalls,255,switchallsp@prnewswire.com,Panama City,Florida,32405,Social Media,6675,3104705100,255
Cris,Haggidon,256,chaggidonq@spiegel.de,Richmond,Virginia,23242,Client Relations Management,6676,3104705100,256
Junia,Gimblet,257,jgimbletr@biglobe.ne.jp,Bronx,New York,10464,Corporate Communications,6677,3104705100,257
Leoine,Lumsdon,258,llumsdons@blog.com,Manassas,Virginia,22111,Sourcing,6678,3104705100,258
Mellicent,Spiaggia,259,mspiaggiat@skype.com,Pasadena,California,91199,Inspection,6679,3104705100,259
Sacha,Dulinty,260,sdulintyu@yolasite.com,Houston,Texas,77035,Business Development,6650,3104705100,230
Pedro,Ambroise,261,pambroisev@ocn.ne.jp,Minneapolis,Minnesota,55487,Creative Services,6651,3104705100,231
Samaria,Tomney,262,stomneyw@engadget.com,Fort Worth,Texas,76110,Customer Service,6652,3104705100,232
Ola,Wind,263,owindx@moonfruit.com,Pasadena,Texas,77505,Accounting,6653,3104705100,233
Jessalin,Oliphand,264,joliphandy@japanpost.jp,Beaverton,Oregon,97075,Human Resources,6654,3104705100,234
Johan,Dolton,265,jdoltonz@intel.com,Van Nuys,California,91499,Legal,6655,3104705100,235
Josefina,Dionisio,266,jdionisio10@example.com,Apache Junction,Arizona,85219,Operations,6656,3104705100,236
Selestina,Cornilleau,267,scornilleau11@nsw.gov.au,Boulder,Colorado,80328,Production,6657,3104705100,237
Darrelle,Roxburch,268,droxburch12@jigsy.com,San Bernardino,California,92415,Risk Management,6658,3104705100,238
Henrik,Hallihan,269,hhallihan13@linkedin.com,Boulder,Colorado,80310,Marketing,6659,3104705100,239
Nev,Brogi,270,nbrogi14@bing.com,Toledo,Ohio,43635,Sales,6660,3104705100,240
Shem,Hemeret,271,shemeret15@spiegel.de,Los Angeles,California,90081,Technology,6661,3104705100,241
Gabie,Btham,272,gbtham16@java.com,Shreveport,Louisiana,71115,General Management,6662,3104705100,242
Rachele,Essame,273,ressame17@imageshack.us,Jackson,Mississippi,39204,Engineering,6663,3104705100,243
Renaud,Basant,274,rbasant18@altervista.org,Suffolk,Virginia,23436,Investor Relations,6664,3104705100,244
Felita,Bodman,275,fbodman19@g.co,Madison,Wisconsin,53785,Product Management,6665,3104705100,245
Britt,Leathart,276,bleathart1a@nationalgeographic.com,Minneapolis,Minnesota,55428,Quality Assurance,6666,3104705100,246
Marthena,Tollett,277,mtollett1b@dagondesign.com,Richmond,Virginia,23289,Strategic Initiatives & Programs,6667,3104705100,247
Faunie,Pakes,278,fpakes1c@hao123.com,Oklahoma City,Oklahoma,73157,Board of Directors,6668,3104705100,248
Nadeen,McFaul,279,nmcfaul1d@odnoklassniki.ru,Iowa City,Iowa,52245,Research and Development,6669,3104705100,249
Glynda,Johns,280,gjohns1e@github.com,Tallahassee,Florida,32314,Training,6670,3104705100,250
Paulita,Dumbellow,281,pdumbellow1f@cam.ac.uk,Philadelphia,Pennsylvania,19104,Support,6671,3104705100,251
Arnoldo,Hailey,282,ahailey1g@thetimes.co.uk,Fredericksburg,Virginia,22405,Asset Management,6672,3104705100,252
Shepperd,Benitti,283,sbenitti1h@liveinternet.ru,Detroit,Michigan,48295,Project Management,6673,3104705100,253
Leslie,Jelf,284,ljelf1i@youku.com,Topeka,Kansas,66667,IT,6674,3104705100,254
Chip,Lissandrini,285,clissandrini1j@unblog.fr,New York City,New York,10150,Social Media,6675,3104705100,255
Teodorico,Philippsohn,286,tphilippsohn1k@reuters.com,Cincinnati,Ohio,45249,Client Relations Management,6676,3104705100,256
Tiffani,Eliesco,287,teliesco1l@nsw.gov.au,Palm Bay,Florida,32909,Corporate Communications,6677,3104705100,257
Lacy,Aslen,288,laslen1m@va.gov,Mansfield,Ohio,44905,Sourcing,6678,3104705100,258
Olivette,Jandera,289,ojandera1n@google.cn,Baton Rouge,Louisiana,70810,Inspection,6679,3104705100,259
Ewart,Sergean,290,esergean1o@bloomberg.com,Saint Cloud,Minnesota,56372,Business Development,6650,3104705100,230
Jamill,Trowsdale,291,jtrowsdale1p@engadget.com,New York City,New York,10105,Creative Services,6651,3104705100,231
Fletch,Pedro,292,fpedro1q@jalbum.net,Fort Worth,Texas,76147,Customer Service,6652,3104705100,232
Melanie,Gawne,293,mgawne1r@vimeo.com,El Paso,Texas,79994,Accounting,6653,3104705100,233
Kimberly,Petschel,294,kpetschel1s@mashable.com,Tacoma,Washington,98442,Human Resources,6654,3104705100,234
Mariana,Fardon,295,mfardon1t@altervista.org,Miami,Florida,33261,Legal,6655,3104705100,235
Lydon,Beckitt,296,lbeckitt1u@blogger.com,Metairie,Louisiana,70005,Operations,6656,3104705100,236
Zacharias,Yoselevitch,297,zyoselevitch1v@shinystat.com,New Orleans,Louisiana,70183,Production,6657,3104705100,237
Danny,Wickrath,298,dwickrath1w@weibo.com,New York City,New York,10125,Risk Management,6658,3104705100,238
Tate,Fiddiman,299,tfiddiman1x@netlog.com,Albuquerque,New Mexico,87190,Marketing,6659,3104705100,239
Lillian,Vearncomb,300,lvearncomb1y@goo.ne.jp,Fairbanks,Alaska,99709,Sales,6660,3104705100,240
Maddy,Takos,301,mtakos1z@jigsy.com,Montgomery,Alabama,36119,Technology,6661,3104705100,241
Pen,Buxey,302,pbuxey20@phoca.cz,South Bend,Indiana,46634,General Management,6662,3104705100,242
Jard,Dawes,303,jdawes21@google.pl,Chicago,Illinois,60663,Engineering,6663,3104705100,243
Berget,Pennycuick,304,bpennycuick22@hp.com,Austin,Texas,78769,Investor Relations,6664,3104705100,244
Reese,De la Yglesia,305,rdelayglesia23@nhs.uk,Inglewood,California,90310,Product Management,6665,3104705100,245
Sharon,O'Loghlen,306,sologhlen24@jigsy.com,Kansas City,Missouri,64153,Quality Assurance,6666,3104705100,246
Karlik,Barnhart,307,kbarnhart25@altervista.org,Pittsburgh,Pennsylvania,15230,Strategic Initiatives & Programs,6667,3104705100,247
Aleda,Clissett,308,aclissett26@seesaa.net,Chandler,Arizona,85246,Board of Directors,6668,3104705100,248
Lacey,Arsmith,309,larsmith27@paginegialle.it,Denver,Colorado,80299,Research and Development,6669,3104705100,249
Anestassia,Le Provost,310,aleprovost28@vkontakte.ru,Louisville,Kentucky,40210,Training,6670,3104705100,250
Cathe,McDarmid,311,cmcdarmid29@columbia.edu,Winston Salem,North Carolina,27110,Support,6671,3104705100,251
Netty,Baskwell,312,nbaskwell2a@jimdo.com,Portsmouth,New Hampshire,3804,Asset Management,6672,3104705100,252
Lula,Westlake,313,lwestlake2b@princeton.edu,Little Rock,Arkansas,72215,Project Management,6673,3104705100,253
Lucita,Rowet,314,lrowet2c@yellowbook.com,Jacksonville,Florida,32225,IT,6674,3104705100,254
Angil,Ashbolt,315,aashbolt2d@chron.com,Houston,Texas,77075,Social Media,6675,3104705100,255
Tod,Paige,316,tpaige2e@altervista.org,Fresno,California,93794,Client Relations Management,6676,3104705100,256
Udale,Gatling,317,ugatling2f@wikispaces.com,Los Angeles,California,90035,Corporate Communications,6677,3104705100,257
Eulalie,Dowzell,318,edowzell2g@cdbaby.com,Fresno,California,93726,Sourcing,6678,3104705100,258
Cordelie,Couves,319,ccouves2h@telegraph.co.uk,Roanoke,Virginia,24040,Inspection,6679,3104705100,259
Maggie,Cowterd,320,mcowterd2i@pbs.org,Saint Paul,Minnesota,55188,Business Development,6650,3104705100,230
Jemmy,Fanthome,321,jfanthome2j@whitehouse.gov,El Paso,Texas,79968,Creative Services,6651,3104705100,231
Warner,Linke,322,wlinke2k@wikia.com,Bryan,Texas,77806,Customer Service,6652,3104705100,232
Samuel,Nyssens,323,snyssens2l@msu.edu,Fort Lauderdale,Florida,33345,Accounting,6653,3104705100,233
Talbert,Confait,324,tconfait2m@howstuffworks.com,Montgomery,Alabama,36134,Human Resources,6654,3104705100,234
Ginevra,Flawn,325,gflawn2n@blogtalkradio.com,Baltimore,Maryland,21275,Legal,6655,3104705100,235
Carrissa,Beushaw,326,cbeushaw2o@cmu.edu,Milwaukee,Wisconsin,53215,Operations,6656,3104705100,236
Willey,Beesley,327,wbeesley2p@xing.com,Homestead,Florida,33034,Production,6657,3104705100,237
Wallas,Itzkin,328,witzkin2q@privacy.gov.au,Omaha,Nebraska,68117,Risk Management,6658,3104705100,238
Aindrea,Landsbury,329,alandsbury2r@webmd.com,New York City,New York,10270,Marketing,6659,3104705100,239